{"Obj_0": 0.9166666666666666, "_timestamp": 1650893881, "_runtime": 2142, "_step": 3183, "Obj_1": 1.0, "Obj_2": 0.9166666666666666, "Obj_3": -0.3333333333333333, "Returns": 0.0, "_wandb": {"runtime": 2152}}