{"Obj_0": 1.0, "_timestamp": 1650896656, "_runtime": 14, "_step": 15, "Obj_1": 0.6666666666666666, "Obj_2": 0.5833333333333334, "Obj_3": -0.5, "Returns": 3.0, "_wandb": {"runtime": 13}}