{"Obj_0": 0.6666666666666666, "_timestamp": 1651066326, "_runtime": 25, "_step": 31, "Obj_1": 0.8333333333333334, "Obj_2": 0.9166666666666666, "Obj_3": -1.0, "Returns": 1.0, "_wandb": {"runtime": 51}}