{"Obj_0": 0.75, "_timestamp": 1651064386, "_runtime": 24, "_step": 31, "Obj_1": 0.8333333333333334, "Obj_2": 1.1666666666666667, "Obj_3": -0.4166666666666667, "Returns": 0.0, "_wandb": {"runtime": 52}}