{"Obj_0": 1.1666666666666667, "_timestamp": 1651070056, "_runtime": 26, "_step": 31, "Obj_1": 1.3333333333333333, "Obj_2": 0.75, "Obj_3": -0.6666666666666666, "Returns": 1.0, "_wandb": {"runtime": 54}}