{"Obj_0": 0.75, "_timestamp": 1650894062, "_runtime": 25, "_step": 31, "Obj_1": 1.0, "Obj_2": 0.6666666666666666, "Obj_3": -1.0833333333333333, "Returns": 0.0, "_wandb": {"runtime": 31}}