{"Obj_0": 1.0833333333333333, "_timestamp": 1650889698, "_runtime": 22, "_step": 20, "Obj_1": 0.9166666666666666, "Obj_2": 1.25, "Obj_3": -0.3333333333333333, "Discriminator Loss": 1.1932624578475952, "Fake Accuracy": 0.0, "Real Accuracy": 1.0, "Returns": 157.88910269737244, "_wandb": {"runtime": 24}}