{"Obj_0": 1.1666666666666667, "_timestamp": 1649683652, "_runtime": 20, "_step": 20, "Obj_1": 0.8333333333333334, "Obj_2": 1.1666666666666667, "Obj_3": -0.5, "Discriminator Loss": 1.1933473348617554, "Fake Accuracy": 0.0, "Real Accuracy": 1.0, "Returns": 157.26313471794128, "_wandb": {"runtime": 21}}