{"Obj_0": 1.4166666666666667, "_timestamp": 1650986783, "_runtime": 43, "_step": 31, "Obj_1": 0.5, "Obj_2": 0.8333333333333334, "Obj_3": -1.0, "Returns": -2.0, "_wandb": {"runtime": 42}}