{"Obj_0": 1.0, "_timestamp": 1649676897, "_runtime": 342, "_step": 403, "Obj_1": 1.0, "Obj_2": 0.9166666666666666, "Obj_3": -0.5833333333333334, "Returns": -1.8248334221335698, "_wandb": {"runtime": 345}}