{"Obj_0": 1.1666666666666667, "_timestamp": 1650987142, "_runtime": 42, "_step": 31, "Obj_1": 1.25, "Obj_2": 0.6666666666666666, "Obj_3": -0.9166666666666666, "Returns": -1.0, "_wandb": {"runtime": 86}}