{"Obj_0": 0.8333333333333334, "_timestamp": 1653059690, "_runtime": 145, "_step": 139, "Obj_1": 1.0833333333333333, "Obj_2": 0.6666666666666666, "Obj_3": -0.75, "Discriminator Loss": 1.191847562789917, "Fake Accuracy": 0.0, "Real Accuracy": 1.0, "Returns": 158.0289363861084, "_wandb": {"runtime": 145}}