{"Obj_0": 1.3333333333333333, "_timestamp": 1650987715, "_runtime": 9967, "_step": 12787, "Obj_1": 1.0833333333333333, "Obj_2": 1.25, "Obj_3": -0.6666666666666666, "Returns": -2.4516713619645647}