{"Obj_0": 0.8333333333333334, "_timestamp": 1650980687, "_runtime": 2939, "_step": 3619, "Obj_1": 1.4166666666666667, "Obj_2": 1.3333333333333333, "Obj_3": -0.6666666666666666, "Returns": -0.7364426361667422}