{"Obj_0": 1.6666666666666667, "_timestamp": 1650985696, "_runtime": 7948, "_step": 10291, "Obj_1": 1.0833333333333333, "Obj_2": 0.9166666666666666, "Obj_3": -0.6666666666666666, "Returns": -2.458242673109253}