{"Obj_0": 1.5833333333333333, "_timestamp": 1650987885, "_runtime": 10137, "_step": 13011, "Obj_1": 1.4166666666666667, "Obj_2": 1.4166666666666667, "Obj_3": -0.75, "Returns": -2.8523631967085}