{"Obj_0": 0.8333333333333334, "_timestamp": 1650986479, "_runtime": 41, "_step": 31, "Obj_1": 0.9166666666666666, "Obj_2": 0.9166666666666666, "Obj_3": -1.0833333333333333, "Returns": 1.0, "_wandb": {"runtime": 40}}