{"Obj_0": 0.9166666666666666, "_timestamp": 1650987328, "_runtime": 97, "_step": 35, "Obj_1": 1.1666666666666667, "Obj_2": 0.8333333333333334, "Obj_3": -0.4166666666666667, "Returns": 2.0, "_wandb": {"runtime": 113}}