{"Obj_0": 0.9166666666666666, "_timestamp": 1649680419, "_runtime": 162, "_step": 147, "Obj_1": 1.25, "Obj_2": 0.8333333333333334, "Obj_3": -0.5, "Returns": -1.48080890874959, "_wandb": {"runtime": 163}}