{"Obj_0": 1.4166666666666667, "_timestamp": 1652435198, "_runtime": 24, "_step": 31, "Obj_1": 1.5, "Obj_2": 1.0833333333333333, "Obj_3": -0.3333333333333333, "Returns": 4.0, "_wandb": {"runtime": 52}}