{"Obj_0": 0.9166666666666666, "_timestamp": 1653039562, "_runtime": 1285, "_step": 1516, "Obj_1": 1.0833333333333333, "Obj_2": 0.4166666666666667, "Obj_3": -1.1666666666666667, "Discriminator Loss": 0.9937493801116943, "Fake Accuracy": 0.0, "Real Accuracy": 1.0, "Returns": 117.99312543869019, "_wandb": {"runtime": 1286}}