{"Obj_0": 0.9166666666666666, "_timestamp": 1651064147, "_runtime": 24, "_step": 31, "Obj_1": 1.0833333333333333, "Obj_2": 1.0833333333333333, "Obj_3": -0.5833333333333334, "Returns": 0.0, "_wandb": {"runtime": 52}}