{"Obj_0": 0.9166666666666666, "_timestamp": 1651063448, "_runtime": 62, "_step": 35, "Obj_1": 1.1666666666666667, "Obj_2": 1.3333333333333333, "Obj_3": -0.6666666666666666, "Returns": 4.0, "_wandb": {"runtime": 68}}