{"Obj_0": 1.4166666666666667, "_timestamp": 1652881092, "_runtime": 112, "_step": 67, "Obj_1": 1.1666666666666667, "Obj_2": 0.9166666666666666, "Obj_3": -0.4166666666666667, "Returns": -1.3955676524865999, "_wandb": {"runtime": 118}}