{"Obj_0": 0.9166666666666666, "_timestamp": 1651065041, "_runtime": 24, "_step": 31, "Obj_1": 1.0, "Obj_2": 0.6666666666666666, "Obj_3": -0.5833333333333334, "Returns": 1.0, "_wandb": {"runtime": 52}}