{"Obj_0": 1.1666666666666667, "_timestamp": 1650896615, "_runtime": 35, "_step": 47, "Obj_1": 1.0833333333333333, "Obj_2": 1.0833333333333333, "Obj_3": -0.6666666666666666, "Returns": 0.0, "_wandb": {"runtime": 43}}