{"Obj_0": 0.3333333333333333, "_timestamp": 1651069543, "_runtime": 25, "_step": 31, "Obj_1": 1.0833333333333333, "Obj_2": 1.1666666666666667, "Obj_3": -0.5, "Returns": 1.0, "_wandb": {"runtime": 53}}