{"Obj_0": 1.0833333333333333, "_timestamp": 1650897155, "_runtime": 14, "_step": 15, "Obj_1": 0.5833333333333334, "Obj_2": 0.6666666666666666, "Obj_3": -0.5833333333333334, "Returns": 1.0, "_wandb": {"runtime": 13}}