{"Obj_0": 0.9166666666666666, "_timestamp": 1652435016, "_runtime": 25, "_step": 31, "Obj_1": 1.25, "Obj_2": 0.6666666666666666, "Obj_3": -0.8333333333333334, "Returns": 1.0, "_wandb": {"runtime": 53}}