{"Obj_0": 1.5833333333333333, "_timestamp": 1651063819, "_runtime": 26, "_step": 31, "Obj_1": 1.0833333333333333, "Obj_2": 0.5, "Obj_3": -0.3333333333333333, "Returns": 4.0, "_wandb": {"runtime": 54}}