{"Obj_0": 1.3333333333333333, "_timestamp": 1650986691, "_runtime": 42, "_step": 31, "Obj_1": 0.4166666666666667, "Obj_2": 1.0833333333333333, "Obj_3": -0.3333333333333333, "Returns": 3.0, "_wandb": {"runtime": 40}}