{"Obj_0": 1.4166666666666667, "_timestamp": 1651069110, "_runtime": 25, "_step": 31, "Obj_1": 1.0833333333333333, "Obj_2": 0.8333333333333334, "Obj_3": -0.6666666666666666, "Returns": 2.0, "_wandb": {"runtime": 53}}