{"Obj_0": 1.1666666666666667, "_timestamp": 1650897035, "_runtime": 13, "_step": 15, "Obj_1": 0.8333333333333334, "Obj_2": 0.75, "Obj_3": -0.8333333333333334, "Returns": 0.0, "_wandb": {"runtime": 13}}